created_at,username,text,likes,retweets,hashtags
Sat Nov 16 17:41:29 +0000 2019,mauriciomacri,7 de DICIEMBRE 17:00 PLAZA DE MAYO #7D https://t.co/M8VrCOZrdf,26125,7816,[Hashtag(Text='7D')]
Thu Nov 14 15:25:02 +0000 2019,mauriciomacri,https://t.co/7iHU09WaS3,4480,1443,[]
Wed Nov 13 18:42:01 +0000 2019,mauriciomacri,"Esta tarde tuvimos una reuni√≥n de seguimiento con el Ministro de Producci√≥n y Trabajo, Dante Sica, en Olivos https://t.co/YSZYxHrUL0",4357,719,[]
Wed Nov 06 22:54:27 +0000 2019,mauriciomacri,https://t.co/FHp63B9ees,7786,2467,[]
Mon Nov 04 21:49:35 +0000 2019,mauriciomacri,Reuni√≥n de gabinete ampliado https://t.co/oNbDrAFv3F,5165,1090,[]
Mon Nov 04 13:13:21 +0000 2019,mauriciomacri,Volviendo de Chapadmalal quer√≠a agradecerles una vez m√°s a los marplatenses por su apoyo y por recibirnos a mi familia y a m√≠ con tanto cari√±o siempre. Gracias!!!,27222,3901,[]
Fri Nov 01 22:00:08 +0000 2019,mauriciomacri,Esta tarde tuvimos reuniones de seguimiento de gesti√≥n en Olivos. https://t.co/fupx9sKVKJ,12542,1841,[]
Thu Oct 31 16:07:09 +0000 2019,mauriciomacri,Reuni√≥n de gabinete en Casa Rosada. https://t.co/SkIy1n8Nzq,13283,1768,[]
Tue Oct 29 12:48:42 +0000 2019,mauriciomacri,"Felicito a @rafaelmgrossi por su elecci√≥n como Director General de la OIEA, primer latinoamericano que estar√° al frente de este organismo. Este logro argentino es un hito hist√≥rico en nuestro compromiso con la no proliferaci√≥n y el uso pac√≠fico de la energ√≠a nuclear",13823,2712,[]
Mon Oct 28 19:27:00 +0000 2019,mauriciomacri,"Esta ma√±ana recib√≠ en la Casa Rosada al presidente electo, Alberto Fern√°ndez. Mi equipo y yo estamos a disposici√≥n para trabajar juntos y lograr una transici√≥n democr√°tica que beneficie a todos los argentinos https://t.co/3lOTlNufdG",86036,7106,[]
Mon Oct 28 02:09:28 +0000 2019,mauriciomacri,GRACIAS üá¶üá∑  Esto reci√©n empieza. Ahora m√°s juntos que nunca para defender los valores en los que creemos. https://t.co/a9VDaifJEm,113719,15517,[]
Mon Oct 28 01:22:20 +0000 2019,mauriciomacri,https://t.co/XuI0w6o3JK,26036,4463,[]
Mon Oct 28 01:05:15 +0000 2019,mauriciomacri,En vivo desde Costa Salguero https://t.co/tK874Gx7An,7854,1285,[]
Mon Oct 28 00:10:29 +0000 2019,mauriciomacri,En vivo desde Costa Salguero https://t.co/oYP7ntVplF,10297,1802,[]
Sun Oct 27 21:36:23 +0000 2019,mauriciomacri,Felicitaciones a todos los argentinos que fueron a votar y se expresaron en paz. Ahora paciencia y tranquilidad mientras se cuentan los votos. M√°s que nunca fuerza a los fiscales responsables de cuidar la voluntad de la gente y gracias por su compromiso!!!,135924,15640,[]
Sun Oct 27 16:52:05 +0000 2019,mauriciomacri,Alegr√≠a üá¶üá∑ https://t.co/gIUW2ehbZm,16790,3270,[]
Sun Oct 27 15:49:02 +0000 2019,mauriciomacri,Ya vot√©! üá¶üá∑ https://t.co/fQ1CDhiK0T,69648,6747,[]
Fri Oct 25 02:57:34 +0000 2019,mauriciomacri,La verdadera fuerza est√° en nosotros. https://t.co/3eCQo0THZq,40315,11408,[]
Fri Oct 25 02:15:09 +0000 2019,mauriciomacri,#S√≠SePuede https://t.co/1QEh90rJMD,11842,3400,[Hashtag(Text='S√≠SePuede')]
Fri Oct 25 01:02:46 +0000 2019,mauriciomacri,"En estas semanas dos millones de argentinos nos movilizamos en m√°s de 30 ciudades. Nunca un incidente, siempre en familia, en paz, sin destrozar nada. Me llena de orgullo. Vamos Argentina!!!! #S√≠SePuede",55170,14389,[Hashtag(Text='S√≠SePuede')]
Fri Oct 25 00:34:24 +0000 2019,mauriciomacri,https://t.co/9CUhNMCCh6,26390,7101,[]
Thu Oct 24 22:56:35 +0000 2019,mauriciomacri,Impresionante C√≥rdoba! Nos vemos en minutos. #S√≠SePuede https://t.co/60FHLOCC21,20748,4490,[Hashtag(Text='S√≠SePuede')]
Thu Oct 24 22:55:41 +0000 2019,mauriciomacri,En vivo: cierre de campa√±a en C√≥rdoba https://t.co/DHpZnDaNtB,12926,4663,[]
Thu Oct 24 21:00:19 +0000 2019,mauriciomacri,Vamos Argentina!! #S√≠SePuede https://t.co/SPcZEuQfu8,15538,5385,[Hashtag(Text='S√≠SePuede')]
Thu Oct 24 20:00:13 +0000 2019,mauriciomacri,En una hora cerramos juntos la campa√±a! A las 18:00 en punto publicamos todos juntos esta foto en las redes con el hashtag #S√≠SePuede. Para descargarla: https://t.co/751pCUTxVj https://t.co/L37cykAK0Z,4886,1534,[Hashtag(Text='S√≠SePuede')]
Thu Oct 24 19:02:13 +0000 2019,mauriciomacri,"Faltan dos horas! A las 18:00 hacemos el cierre de campa√±a digital publicando esta foto en todas las redes, con el hashtag #S√≠SePuede. Para descargarla: https://t.co/751pCUTxVj https://t.co/rclz0E1XZm",6695,2221,[Hashtag(Text='S√≠SePuede')]
Thu Oct 24 18:12:28 +0000 2019,mauriciomacri,Este domingo vamos todos a votar. https://t.co/xzwV6GHJJY,33397,10509,[]
Thu Oct 24 15:47:02 +0000 2019,mauriciomacri,"En https://t.co/ltU4Dd24j4 pod√©s consultar en qu√© escuela vot√°s. Donde dice ‚Äútipo de documento‚Äù, hay una letra que identifica el ejemplar, pod√©s votar con ese o con cualquier ejemplar posterior.",1867,812,[]
Thu Oct 24 15:47:02 +0000 2019,mauriciomacri,"6. Record√° que ten√©s que llevar el √∫ltimo documento que hayas obtenido. Si en el padr√≥n figur√°s con un documento y llev√°s un ejemplar anterior, no vas a poder votar. Si nunca gestionaste el DNI tarjeta, pod√©s votar con tu DNI libreta, tu libreta c√≠vica o la de enrolamiento.",1805,766,[]
Thu Oct 24 15:47:01 +0000 2019,mauriciomacri,"5. Denunci√° si ves algo raro. Si not√°s algo irregular o si obstaculizan de cualquier manera tu derecho a votar, avisale a los fiscales de Juntos por el Cambio. Tambi√©n lo pod√©s grabar con tu celular.",4685,2202,[]
Thu Oct 24 15:47:00 +0000 2019,mauriciomacri,"Si sab√©s de un amigo o vecino que no est√° seguro de si puede ir a votar, ofrecele tu ayuda. Si tienen hijos chicos, pod√©s ofrecerles cuidarlos mientras ellos van a votar.",3798,1616,[]
Thu Oct 24 15:47:00 +0000 2019,mauriciomacri,4. Acompa√±√° a tus familiares y conocidos a votar. Ayud√° a que las personas mayores que conozcas puedan ir a votar e incentiv√° a tus familiares m√°s j√≥venes para que vayan tambi√©n. Es clave que el domingo seamos la mayor cantidad posible de votantes.,2751,1335,[]
Thu Oct 24 15:46:59 +0000 2019,mauriciomacri,"Estos tres elementos tienen que estar visibles. Tambi√©n pod√©s confirmar que las boletas que est√°n en el cuarto oscuro cuenten con estas condiciones, as√≠ ayud√°s a cuidar todos los votos. Si est√°n da√±adas o adulteradas, avisale al fiscal de Juntos por el Cambio.",2418,1242,[]
Thu Oct 24 15:46:59 +0000 2019,mauriciomacri,"3. Confirm√° que tu boleta est√© en condiciones. Esto es muy importante. Para que tu voto por Juntos por el Cambio cuente la boleta debe decir ‚ÄúJuntos por el Cambio‚Äù, ‚ÄúLista 135‚Äù y ‚Äúcandidatos a Presidente y Vicepresidente de la Naci√≥n‚Äù (no precandidatos, no sirven las de las PASO)",3358,2062,[]
Thu Oct 24 15:46:59 +0000 2019,mauriciomacri,"2. Si faltan boletas, cont√°s con los fiscales. Si en el cuarto oscuro no hay boletas de Juntos por el Cambio, decile a los fiscales de la mesa: ‚Äúfaltan boletas‚Äù. Pod√©s comunic√°rselo al fiscal de Juntos por el Cambio o al presidente de mesa, que tiene que reponerlas.",2998,1655,[]
Thu Oct 24 15:46:58 +0000 2019,mauriciomacri,"1. Llev√° tu boleta. En el cuarto oscuro habr√° boletas, pero lo mejor es que lleves la tuya. Pod√©s conseguirla en los locales partidarios de Juntos por el Cambio o a trav√©s de los voluntarios que las reparten en la calle.",3001,1533,[]
Thu Oct 24 15:46:57 +0000 2019,mauriciomacri,"SEIS CLAVES PARA CUIDAR EL VOTO. La elecci√≥n del domingo es una oportunidad hist√≥rica. Para cuidar los votos, llev√° tu boleta o confirm√° que est√© en condiciones en el cuarto oscuro, acompa√±√° a tus familiares y amigos a votar y denunci√° cualquier irregularidad.",20853,8784,[]
Thu Oct 24 14:19:59 +0000 2019,mauriciomacri,Ser√° una forma de estar unidos y confiados para seguir transformando el pa√≠s. A las 18:00 todos publicamos esta foto con el hashtag #S√≠SePuede. Tambi√©n pod√©s descargarla la imagen en https://t.co/ZMKKymH6hz https://t.co/wUzXyLp7XA,4412,1549,[Hashtag(Text='S√≠SePuede')]
Thu Oct 24 14:18:31 +0000 2019,mauriciomacri,Cerramos la campa√±a electoral con la alegr√≠a de haber visto la confianza y el poder de la gente en acci√≥n. Por eso quiero invitarte a que esta tarde a las 18:00 en punto publiques esta foto en tus redes con el hashtag #S√≠SePuede. https://t.co/aPoxrokCEJ,10303,3650,[Hashtag(Text='S√≠SePuede')]
Thu Oct 24 12:28:28 +0000 2019,mauriciomacri,Hoy cierre de campa√±a en C√≥rdoba!! #S√≠SePuede https://t.co/woOtJcpzbL,13425,3711,[Hashtag(Text='S√≠SePuede')]
Thu Oct 24 01:26:11 +0000 2019,mauriciomacri,Gracias Mar del Plata!!!! üá¶üá∑ https://t.co/7hkjOGd4H3,11056,2766,[]
Thu Oct 24 00:36:28 +0000 2019,mauriciomacri,Ac√° est√° el coraz√≥n de la Argentina. https://t.co/QIoiilQWDu,33391,9408,[]
Wed Oct 23 23:27:01 +0000 2019,mauriciomacri,Gracias Mar del Plata!!! #S√≠SePuede üá¶üá∑ üá¶üá∑ üá¶üá∑ https://t.co/eMo02vvvwV,13135,3360,[Hashtag(Text='S√≠SePuede')]
Wed Oct 23 21:59:16 +0000 2019,mauriciomacri,En vivo desde Mar del Plata: La Marcha del #S√≠SePuede https://t.co/Kq8eknethf,11771,4353,[Hashtag(Text='S√≠SePuede')]
Wed Oct 23 16:55:47 +0000 2019,mauriciomacri,Hoy nos vemos en Mar del Plata con La Marcha del #S√≠SePuede üá¶üá∑ https://t.co/aB3yXTwnVX,7210,2073,[Hashtag(Text='S√≠SePuede')]
Wed Oct 23 02:20:45 +0000 2019,mauriciomacri,#S√≠SePuedeRosario https://t.co/OmGDEdwWu0,12714,3670,[Hashtag(Text='S√≠SePuedeRosario')]
Wed Oct 23 00:02:39 +0000 2019,mauriciomacri,Vamos Santa Fe!!! S√≠ se puede!! #S√≠SePuedeRosario https://t.co/ltidy38Vl5,11576,2996,[Hashtag(Text='S√≠SePuedeRosario')]
Tue Oct 22 23:25:44 +0000 2019,mauriciomacri,"GRACIAS ROSARIO, GRACIAS SANTA FE!!! Mucha emoci√≥n ‚ù§Ô∏èüá¶üá∑ https://t.co/UhQg0xU6wu",25618,6845,[]
Tue Oct 22 22:03:56 +0000 2019,mauriciomacri,https://t.co/kfjJumwaaW,10811,3830,[]
Tue Oct 22 21:21:06 +0000 2019,mauriciomacri,Ahora en Rosario. #S√≠SePuede üá¶üá∑ https://t.co/KmhUkHK6gz,9399,2215,[Hashtag(Text='S√≠SePuede')]
Tue Oct 22 01:54:53 +0000 2019,mauriciomacri,Gracias Jujuy!!! üá¶üá∑üá¶üá∑ https://t.co/BO4hINlFt8,14699,3668,[]
Mon Oct 21 23:28:56 +0000 2019,mauriciomacri,En vivo desde Jujuy: La Marcha del #S√≠SePuede https://t.co/HUr6NezDq7,11858,3983,[Hashtag(Text='S√≠SePuede')]
Mon Oct 21 16:55:36 +0000 2019,mauriciomacri,Este mi√©rcoles vamos a Mar del Plata con La Marcha. #S√≠SePuede https://t.co/jxu2yoVbUG,4777,1751,[Hashtag(Text='S√≠SePuede')]
Mon Oct 21 15:12:36 +0000 2019,mauriciomacri,Hoy llega La Marcha a Jujuy! https://t.co/f6gF598aFc,8867,2383,[]
Mon Oct 21 03:00:32 +0000 2019,mauriciomacri,Queda una semana. Todos a trabajar para darla vuelta. Vamos que s√≠ se puede!!!,65823,14184,[]
Mon Oct 21 02:08:14 +0000 2019,mauriciomacri,No solo vamos a dar vuelta esta elecci√≥n. Vamos a dar vuelta la historia de la Argentina. #MacriPresidente,41044,10412,[Hashtag(Text='MacriPresidente')]
Mon Oct 21 02:07:29 +0000 2019,mauriciomacri,"Habr√°n visto que en las √∫ltimas semanas el kirchnerismo volvi√≥ a ponerse agresivo. Y es por lo que est√°n haciendo ustedes. Cientos de miles de argentinos marchando con alegr√≠a, en paz, con libertad, convencidos de que con coraz√≥n y con fuerza vamos a dar vuelta esta historia.",36950,10217,[]
Mon Oct 21 01:49:27 +0000 2019,mauriciomacri,"Es incre√≠ble que crean que nos olvidamos de que nos mintieron 12 a√±os, que entregaron el pa√≠s destruido en su econom√≠a y que lo infectaron de narcotr√°fico. #MacriPresidente #DebateAR2019",18300,6240,"[Hashtag(Text='MacriPresidente'), Hashtag(Text='DebateAR2019')]"
Mon Oct 21 01:46:30 +0000 2019,mauriciomacri,Aguantar la agresividad kirchnerista es duro pero aguantar que digan que ellos son los que saben es imposible.,84261,17426,[]
Mon Oct 21 01:38:28 +0000 2019,mauriciomacri,"Fuimos con kil√≥metros de pavimento para sacar la gente del barro y para que puede ir a trabajar, al colegio. Fuimos a los barrios para echar al narcotr√°fico y devolver la libertad. Fuimos con los espacios de primera infancia para que los chicos tengan igualdad de oportunidades.",11324,3532,[]
Mon Oct 21 01:35:25 +0000 2019,mauriciomacri,"Ellos siempre han usado los pobres, siempre han hecho clientelismo. Esta semana vimos im√°genes de tristeza en La Matanza. 35 a√±os gobernando La Matanza y no pudieron hacer UNA obra. #MacriPresidente #DebateAR2019",18901,7006,"[Hashtag(Text='MacriPresidente'), Hashtag(Text='DebateAR2019')]"
Mon Oct 21 01:30:02 +0000 2019,mauriciomacri,Es indignante escucharlos hablar de pobreza. No les creo nada. Gobernaron 24 de los √∫ltimos 30 a√±os y la √∫nica idea genial que tuvieron fue ocultarla. #MacriPresidente #DebateAR2019,33496,11081,"[Hashtag(Text='MacriPresidente'), Hashtag(Text='DebateAR2019')]"
Mon Oct 21 01:26:47 +0000 2019,mauriciomacri,"Esta semana qued√≥ claro que el kirchnerismo y Alberto Fern√°ndez son lo mismo. Creo que Alberto Fern√°ndez dijo la primera vez una verdad en toda la campa√±a: ""Cristina y yo somos lo mismo"". #MacriPresidente #DebateAR2019",13764,4953,"[Hashtag(Text='MacriPresidente'), Hashtag(Text='DebateAR2019')]"
Mon Oct 21 01:23:42 +0000 2019,mauriciomacri,"Lo √∫nico que reconoce Alberto Fern√°ndez de nuestro gobierno es haber normalizado el INDEC. Qu√© paradoja, porque √©l fue el que firm√≥ el primer decreto intervini√©ndolo. #MacriPresidente #DebateAR2019",12279,4482,"[Hashtag(Text='MacriPresidente'), Hashtag(Text='DebateAR2019')]"
Mon Oct 21 01:21:15 +0000 2019,mauriciomacri,El autoritarismo destruye la posibilidad de crecer. #MacriPresidente #DebateAR2019,6440,2110,"[Hashtag(Text='MacriPresidente'), Hashtag(Text='DebateAR2019')]"
Mon Oct 21 01:20:24 +0000 2019,mauriciomacri,"Son tantas las diferencias que tenemos, que ellos no aceptan, no creen, no ven, que Maduro es un dictador. Eso ya marca una enorme diferencia entre nuestra visi√≥n de la democracia y la visi√≥n de ellos. #MacriPresidente #DebateAR2019",11234,4185,"[Hashtag(Text='MacriPresidente'), Hashtag(Text='DebateAR2019')]"
Mon Oct 21 01:19:19 +0000 2019,mauriciomacri,"Hice 300 mil kil√≥metros recorriendo el pa√≠s como presidente, porque creo en lo que estoy haciendo. Creo de verdad que el futuro de la Argentina pasa por el desarrollo federal de este pa√≠s. #MacriPresidente #DebateAR2019",9505,3035,"[Hashtag(Text='MacriPresidente'), Hashtag(Text='DebateAR2019')]"
Mon Oct 21 01:18:09 +0000 2019,mauriciomacri,Nosotros de verdad creemos en el federalismo. Desde el primer d√≠a trabaj√© codo a codo con todos los gobernadores independientemente de su pertenencia pol√≠tica y les dimos m√°s recursos #MacriPresidente #DebateAR2019,6223,2149,"[Hashtag(Text='MacriPresidente'), Hashtag(Text='DebateAR2019')]"
Mon Oct 21 01:17:30 +0000 2019,mauriciomacri,"Ahora el kirchnerismo habla de federalismo, despu√©s de prepotear a propios y ajenos con l√°tigo y chequera para tenerlos todos disciplinaditos, gobernadores y diputados. #MacriPresidente #DebateAR2019",8708,3195,"[Hashtag(Text='MacriPresidente'), Hashtag(Text='DebateAR2019')]"
Mon Oct 21 00:58:35 +0000 2019,mauriciomacri,"Es dif√≠cil creer que usted no vio nada. Los departamentos de Mu√±oz, las valijas de Antonini Wilson, los bolsos de L√≥pez. La efedrina. Los vio Lavagna del otro lado de la calle y usted que estaba en la oficina de al lado dice que hubo ""un descuido √©tico"" de N√©stor y Cristina.",51667,16462,[]
Mon Oct 21 00:51:28 +0000 2019,mauriciomacri,"Dimos vuelta la energ√≠a despu√©s de la peor gesti√≥n energ√©tica de la historia, que nos dej√≥ sin gas ni petr√≥leo y con cortes todos los veranos. Hoy tenemos Vaca Muerta relanzado, energ√≠as renovables que llegan a abastecer el 10% de la demanda y redujimos los cortes en un 40%",12453,4166,[]
Mon Oct 21 00:47:39 +0000 2019,mauriciomacri,"En la obra p√∫blica encontramos una matriz de corrupci√≥n. Se robaban la plata de las obras. No lo digo yo, lo dicen los jueces que condenaron a De Vido, Jaime y L√≥pez. Lo dijo Lavagna, que renunci√≥ denunci√°ndolo. Fern√°ndez se qued√≥ gobernando 3 a√±os m√°s y se fue sin denunciar nada",15776,6023,[]
Mon Oct 21 00:41:12 +0000 2019,mauriciomacri,Por el precio de una autopista kirchnerista nosotros hacemos dos. #MacriPresidente¬†#DebateAR2019,28548,8632,"[Hashtag(Text='MacriPresidente'), Hashtag(Text='DebateAR2019')]"
Mon Oct 21 00:29:05 +0000 2019,mauriciomacri,"Nosotros estamos con las v√≠ctimas del delito. Nosotros apoyamos las fuerzas de seguridad. Nosotros combatimos las mafias, desde las barras bravas hasta el narcotr√°fico. Esto es lo que hicimos estos 4 a√±os y lo vamos a seguir haciendo. #MacriPresidente",9402,3294,[Hashtag(Text='MacriPresidente')]
Mon Oct 21 00:27:00 +0000 2019,mauriciomacri,"Cuando Alberto Fern√°ndez fue jefe de gabinete, llegamos a importar 20.000 kilos de efedrina por a√±o. Esos 20 mil kilos sirvieron para producir droga y transformarnos en productores del narcotr√°fico internacional. Nosotros no transamos con la droga. #MacriPresidente",19000,7171,[Hashtag(Text='MacriPresidente')]
Mon Oct 21 00:24:50 +0000 2019,mauriciomacri,"En este tema, como en muchos otros, somos distintos. Ellos abandonan a las v√≠ctimas del delito, alientan las barras bravas, menosprecian las fuerzas de seguridad, descuidan las fronteras. Esa es la pol√≠tica de seguridad del kirchnerismo. No van a cambiar. #MacriPresidente",8648,3221,[Hashtag(Text='MacriPresidente')]
Mon Oct 21 00:07:37 +0000 2019,mauriciomacri,"Yo siempre he sido coherente con las ideas que defiendo. Ustedes saben lo que pienso, lo que hice y lo que voy a hacer. No cambio para acomodarme. Y tengo un compa√±ero de f√≥rmula que siempre da la cara. #MacriPresidente #DebateAR2019",9322,3090,"[Hashtag(Text='MacriPresidente'), Hashtag(Text='DebateAR2019')]"
Mon Oct 21 00:06:55 +0000 2019,mauriciomacri,Este debate tiene que servir para que todos podamos elegir en qu√© tipo de pa√≠s queremos vivir. No se elige solo el presidente. Se elige en qu√© sociedad vamos a vivir con nuestras familias. #MacriPresidente #DebateAR2019,9621,3326,"[Hashtag(Text='MacriPresidente'), Hashtag(Text='DebateAR2019')]"
Mon Oct 21 00:01:50 +0000 2019,mauriciomacri,Acompa√±ame en el debate con el hashtag #MacriPresidente #DebateAR2019,9800,2985,"[Hashtag(Text='MacriPresidente'), Hashtag(Text='DebateAR2019')]"
Sun Oct 20 23:18:05 +0000 2019,mauriciomacri,Nos declaramos rebeldes. https://t.co/kthq54WoCN,17459,5733,[]
Sun Oct 20 00:08:22 +0000 2019,mauriciomacri,No aceptemos que quienes destruyeron el pa√≠s ahora nos digan que son ellos los que saben. https://t.co/Php2rzN4To,24489,8430,[]
Sat Oct 19 23:54:34 +0000 2019,mauriciomacri,#S√≠SePuede #19o https://t.co/kqCYpRCVQb,9554,2232,"[Hashtag(Text='S√≠SePuede'), Hashtag(Text='19o')]"
Sat Oct 19 23:31:53 +0000 2019,mauriciomacri,Supimos conseguir. https://t.co/UuD6tVT0hB,36529,9768,[]
Sat Oct 19 22:49:08 +0000 2019,mauriciomacri,¬øCreemos que tenemos que ser libres para pensar y poder decir lo que pensamos?,2633,1141,[]
Sat Oct 19 22:49:08 +0000 2019,mauriciomacri,¬øCreemos que la plata de las obras tiene que ir a las obras y no a los bolsillos de los funcionarios?,2346,1040,[]
Sat Oct 19 22:49:07 +0000 2019,mauriciomacri,¬øCreemos que hay que combatir a los narcos y a las mafias?,1082,525,[]
Sat Oct 19 22:49:06 +0000 2019,mauriciomacri,¬øCreemos que hay que decirles definitivamente basta de impunidad?,1059,520,[]
Sat Oct 19 22:49:05 +0000 2019,mauriciomacri,¬øCreemos que la Justicia tiene que ser independiente?,927,482,[]
Sat Oct 19 22:49:04 +0000 2019,mauriciomacri,¬øCreemos que el que gobierna tiene que estar al servicio de los ciudadanos?,926,467,[]
Sat Oct 19 22:49:03 +0000 2019,mauriciomacri,¬øCreemos que integrados al mundo tenemos un futuro mejor?,983,483,[]
Sat Oct 19 22:49:03 +0000 2019,mauriciomacri,¬øCreemos que la educaci√≥n y el trabajo son el camino para progresar?,1051,521,[]
Sat Oct 19 22:49:02 +0000 2019,mauriciomacri,¬øCreemos que la honestidad es importante?,4309,1983,[]
Sat Oct 19 22:27:58 +0000 2019,mauriciomacri,https://t.co/Re3J3m3sid,13487,3318,[]
Sat Oct 19 21:59:40 +0000 2019,mauriciomacri,#19o #S√≠SePuede https://t.co/IEVxbpHSe7,27643,7492,"[Hashtag(Text='19o'), Hashtag(Text='S√≠SePuede')]"
Sat Oct 19 21:12:06 +0000 2019,mauriciomacri,A cuadras del Obelisco. S√≠ se puede!!!!,11292,1728,[]
Sat Oct 19 20:49:42 +0000 2019,mauriciomacri,Yendo. #19o #S√≠SePuede https://t.co/trfqqFVhhy,18426,4289,"[Hashtag(Text='19o'), Hashtag(Text='S√≠SePuede')]"
Sat Oct 19 20:39:07 +0000 2019,mauriciomacri,AHORA EN EL OBELISCO #19o #S√≠SePuede https://t.co/l5xjzPC1kZ,10308,4094,"[Hashtag(Text='19o'), Hashtag(Text='S√≠SePuede')]"
Sat Oct 19 20:33:15 +0000 2019,mauriciomacri,Multitudinario #19o. #S√≠SePuede https://t.co/DJWofhRr5t,18771,5280,"[Hashtag(Text='19o'), Hashtag(Text='S√≠SePuede')]"
Sat Oct 19 20:07:08 +0000 2019,mauriciomacri,Ahora en el Obelisco #19o #S√≠SePuede https://t.co/BN7aCOlNhQ,13714,3604,"[Hashtag(Text='19o'), Hashtag(Text='S√≠SePuede')]"
Sat Oct 19 14:22:54 +0000 2019,mauriciomacri,LLEG√ì EL D√çA!!! Nos vemos a las 17:30 en el Obelisco!!!  #S√≠SePuede  #19o https://t.co/FRIciucfIx,20565,6832,"[Hashtag(Text='S√≠SePuede'), Hashtag(Text='19o')]"
Fri Oct 18 21:21:16 +0000 2019,mauriciomacri,En vivo desde Corrientes: La Marcha del #S√≠SePuede https://t.co/CBbJ6u9R3Y,9239,3387,[Hashtag(Text='S√≠SePuede')]
Fri Oct 18 20:48:18 +0000 2019,mauriciomacri,Quiero aclarar algo sobre la propuesta de hoy. Nuestro objetivo es combatir el comercio y tr√°fico il√≠cito de armas de fuego. De ninguna manera pensamos restringir los derechos de los leg√≠timos usuarios de armas que cumplen con la ley y sus reglamentaciones particulares.,15272,4145,[]
Fri Oct 18 15:22:47 +0000 2019,mauriciomacri,En estos a√±os actualizamos los reglamentos de uso de armas para las fuerzas de seguridad y reforzamos los controles para la tenencia y portaci√≥n de armas en los civiles. Ahora vamos a eliminar las armas de guerra para que estas no lleguen nunca a las manos de los delincuentes.,3264,861,[]
Fri Oct 18 15:22:45 +0000 2019,mauriciomacri,"Vamos a prohibir que los civiles compren o importen, tengan consigo o en sus casas, fabriquen y utilicen armas de guerra. Son un peligro para las familias y para las fuerzas armadas y de seguridad, que se enfrentan a las mafias todos los d√≠as. Vamos a eliminarlas de la calle.",4268,1072,[]
Fri Oct 18 15:22:45 +0000 2019,mauriciomacri,VAMOS A PROHIBIR COMPLETAMENTE LAS ARMAS DE GUERRA. Hoy la ley permite comprar armas capaces de atravesar chalecos antibalas y puertas blindadas. Esto solo beneficia a las mafias y a los delincuentes. Vamos a prohibirlas por completo. #PropuestasNuevaEtapa,17289,4535,[Hashtag(Text='PropuestasNuevaEtapa')]
Fri Oct 18 02:41:38 +0000 2019,mauriciomacri,Vamos Chaco!!! Gracias por salir hoy a la calle. #S√≠SePuede https://t.co/KrRzZ7cUpg,13725,3464,[Hashtag(Text='S√≠SePuede')]
Fri Oct 18 00:31:12 +0000 2019,mauriciomacri,Estos son los lugares donde vamos a estar la semana que viene con la Marcha del #S√≠SePuede. Antes nos vemos el s√°bado en el Obelisco a las 17:30 üá¶üá∑ https://t.co/T1zEBbh16O,6418,2980,[Hashtag(Text='S√≠SePuede')]
Thu Oct 17 22:47:14 +0000 2019,mauriciomacri,En vivo desde S√°enz Pe√±a: La Marcha del #S√≠SePuede https://t.co/OBeBT5q5Lu,9481,3264,[Hashtag(Text='S√≠SePuede')]
Thu Oct 17 16:49:06 +0000 2019,mauriciomacri,"Transformamos la forma de viajar de millones de argentinos y probamos que es posible sin corrupci√≥n. Vamos a seguir trabajando para mejorar la seguridad de las rutas, bajar los costos log√≠sticos, multiplicar los vuelos internos y expandir m√°s el transporte p√∫blico.",2976,939,[]
Thu Oct 17 16:49:06 +0000 2019,mauriciomacri,"Vamos a construir 6 Metrobuses en Mendoza, C√≥rdoba, Mar del Plata, Rosario y Santa Fe. En el Gran Buenos Aires, vamos constuir 100 km m√°s de Metrobus y pavimentar todas las calles por las que pasan colectivos.",3370,1084,[]
Thu Oct 17 16:49:05 +0000 2019,mauriciomacri,"4. VAMOS A MEJORAR EL TRANSPORTE P√öBLICO. Queremos que un 50% m√°s de personas use el tren todos los d√≠as. Entre otras obras, vamos a electrificar el San Mart√≠n, eliminar las barreras del Sarmiento y terminar el viaducto del Belgrano Sur y extenderlo hasta Constituci√≥n.",1264,541,[]
Thu Oct 17 16:49:05 +0000 2019,mauriciomacri,"Nuestro plan para duplicar este n√∫mero es terminar de renovar la infraestructura y la tecnolog√≠a de los aeropuertos, seguir impulsando el crecimiento de Aerol√≠neas Argentinas y seguir promoviendo la llegada de m√°s aviones y m√°s puestos de trabajo en el sector.",1021,439,[]
Thu Oct 17 16:49:04 +0000 2019,mauriciomacri,3. VAMOS A AUMENTAR LOS VUELOS INTERNOS SIN PASAR POR BUENOS AIRES. Para volar antes desde el interior era casi indispensable pasar por Buenos Aires. En 4 a√±os duplicamos los pasajeros que vuelan dentro del pa√≠s sin pasar por la capital. Nuestro objetivo es duplicarlo de nuevo.,1114,471,[]
Thu Oct 17 16:49:04 +0000 2019,mauriciomacri,"Tambi√©n vamos a seguir transformando los accesos a los puertos y trabajando para que el Puerto de Buenos Aires sea el m√°s moderno y competitivo de la regi√≥n, para bajar los costos de todos los puertos argentinos y potenciar la hidrov√≠a.",894,404,[]
Thu Oct 17 16:49:04 +0000 2019,mauriciomacri,2. VAMOS A MEJORAR LOS TRENES Y PUERTOS E IMPULSAR LAS ECONOM√çAS REGIONALES. Vamos a terminar la renovaci√≥n integral del Belgrano Cargas y comenzar la del San Mart√≠n. La meta es triplicar la cantidad de toneladas transportadas en 2030.,952,429,[]
Thu Oct 17 16:49:03 +0000 2019,mauriciomacri,"Otra prioridad son las rutas seguras. Vamos a transformar 5.000 km en todo el pa√≠s, que van a tener un tercer carril de sobrepaso y banquinas pavimentadas. Tambi√©n vamos a realizar obras en los principales cruces a Chile para aprovechar el potencial del turismo y el comercio.",950,404,[]
Thu Oct 17 16:49:03 +0000 2019,mauriciomacri,"1. VAMOS A TERMINAR CON LAS RUTAS PELIGROSAS DE DOBLE MANO. No habr√° m√°s rutas de alto tr√°nsito de doble mano. Vamos a finalizar 1.600 kil√≥metros de autopistas que est√°n en marcha y vamos a empezar otros 500 kil√≥metros, como la Ruta 38 en Tucum√°n y la Ruta 68 en Salta.",1168,533,[]
Thu Oct 17 16:49:02 +0000 2019,mauriciomacri,"M√ÅS AUTOPISTAS, METROBUSES, TRENES y AVIONES. Para viajar m√°s seguros, crecer e impulsar el turismo necesitamos infraestructura de calidad. Tambi√©n vamos a hacer que transportar la producci√≥n sea m√°s f√°cil y econ√≥mico, para potenciar las econom√≠as regionales #PropuestasNuevaEtapa",8508,2649,[Hashtag(Text='PropuestasNuevaEtapa')]
Thu Oct 17 16:19:27 +0000 2019,mauriciomacri,https://t.co/1NnjYaUCmB,6892,2434,[]
Wed Oct 16 23:50:27 +0000 2019,mauriciomacri,Impresionante Carlos Paz! Gracias C√≥rdoba!! https://t.co/KFto845Z0B,18870,5109,[]
Wed Oct 16 22:05:59 +0000 2019,mauriciomacri,En vivo desde Villa Carlos Paz: La Marcha del #S√≠SePuede https://t.co/mFbaohxBFj,8254,2817,[Hashtag(Text='S√≠SePuede')]
Wed Oct 16 21:23:21 +0000 2019,mauriciomacri,Este s√°bado vamos todos al Obelisco. ¬øDesde d√≥nde ven√≠s? https://t.co/Thh09Adi0T,14985,4618,[]
Wed Oct 16 20:19:20 +0000 2019,mauriciomacri,"Hoy me reun√≠ con representantes de empresas tecnol√≥gicas de R√≠o Cuarto para hablar sobre la Ley de Econom√≠a del Conocimiento, que generar√° m√°s empleo, aumentar√° las exportaciones y va a incentivar el uso de nuevas tecnolog√≠as. https://t.co/rELb6LwBMg",3612,1095,[]
Wed Oct 16 16:11:27 +0000 2019,mauriciomacri,https://t.co/ZJbBzAS5DP,8544,3164,[]
Wed Oct 16 15:49:18 +0000 2019,mauriciomacri,"En estos a√±os, llevamos adelante pol√≠ticas para acompa√±ar a los chicos desde sus primeros a√±os. Estas propuestas buscan multiplicar su impacto y que lleguen a m√°s ni√±os y ni√±as, para asegurarnos que crezcan sanos y seguros junto a sus familias.",1495,504,[]
Wed Oct 16 15:49:17 +0000 2019,mauriciomacri,3. BENEFICIOS PARA EL CUIDADO DE NI√ëOS EN EL HOGAR. La cobertura para gastos de guarder√≠a que reciben los trabajadores formales podr√° ser utilizada en cuidadores o cuidadoras que trabajen en la casas de las familias.,1448,489,[]
Wed Oct 16 15:49:17 +0000 2019,mauriciomacri,Otra propuesta es crear una licencia por adopci√≥n de 75 d√≠as. Estos d√≠as podr√°n ser repartidos entre los adoptantes. Tambi√©n vamos a crear una licencia por tratamientos de reproducci√≥n asistida de 5 d√≠as para quienes decidan realizar estos procedimientos.,766,336,[]
Wed Oct 16 15:49:16 +0000 2019,mauriciomacri,"2. EXTENDER LAS LICENCIAS POR NACIMIENTO Y ADOPCI√ìN. Las licencias por paternidad o persona no gestante pasar√°n a ser de 20 d√≠as. Adem√°s, los meses de licencia sin goce de sueldo van a poder dividirse entre la pareja, para promover la igualdad entre hombres y mujeres.",824,345,[]
Wed Oct 16 15:49:16 +0000 2019,mauriciomacri,"1. UN MILL√ìN DE CHICOS EN PROGRAMAS DE PRIMERA INFANCIA. Vamos a crear m√°s Espacios de Primera Infancia, que educan y estimulan a chicos de hasta 4 a√±os. Tambi√©n vamos a fortalecer el Plan Primeros A√±os, que acompa√±a a las familias. Van a cubrir a 1 mill√≥n de chicos y chicas.",681,309,[]
Wed Oct 16 15:49:15 +0000 2019,mauriciomacri,MEDIDAS PARA CUIDAR A LOS CHICOS DESDE LOS PRIMEROS D√çAS. Queremos mejorar el cuidado de ni√±os y ni√±as de menos de 4 a√±os y que la crianza compartida sea m√°s f√°cil. Por eso vamos a extender el alcance de los programas y crear beneficios para las familias #PropuestasNuevaEtapa,4683,1518,[Hashtag(Text='PropuestasNuevaEtapa')]
Wed Oct 16 12:54:02 +0000 2019,mauriciomacri,"Conoc√≠ a Marcelo Zlotogwiazda hace muchos a√±os y desde entonces segu√≠ su carrera period√≠stica. Lamento mucho su muerte. Mis condolencias a su familia, colegas y amigos.",8273,1074,[]
Wed Oct 16 00:20:10 +0000 2019,mauriciomacri,"Salgo de despedir a mi amigo Cacho Casta√±a, que siempre nos hizo sentir bien a todos y supo disfrutar de la vida.",18040,2864,[]
Tue Oct 15 23:56:27 +0000 2019,mauriciomacri,Gracias Pergamino! https://t.co/tNeJMy72hs,9906,2630,[]
Tue Oct 15 21:45:22 +0000 2019,mauriciomacri,En vivo desde Pergamino: La Marcha del #S√≠SePuede https://t.co/i7mYfab5F2,8685,3128,[Hashtag(Text='S√≠SePuede')]
Tue Oct 15 21:00:31 +0000 2019,mauriciomacri,"Lamento mucho la muerte de Cacho Casta√±a. Como muchos otros argentinos, lo voy a recordar siempre con cari√±o. Un fuerte abrazo a su familia y amigos.",15062,2271,[]
Tue Oct 15 14:52:26 +0000 2019,mauriciomacri,Este jueves La Marcha llega a Reconquista y S√°enz Pe√±a. Nos vemos ah√≠! #S√≠SePuede https://t.co/EiQnyIkYIm,3047,1193,[Hashtag(Text='S√≠SePuede')]
Tue Oct 15 13:51:41 +0000 2019,mauriciomacri,La droga envenena a nuestros j√≥venes y pone en riesgo a las familias. Afecta especialmente a los barrios m√°s pobres y hace a los chicos que la consumen una presa f√°cil para las mafias y el crimen organizado. Vamos a seguir trabajando por una Argentina sin narcotr√°fico.,3097,989,[]
Tue Oct 15 13:51:40 +0000 2019,mauriciomacri,"En estos 4 a√±os incautamos 550 toneladas de droga y realizamos 80 mil detenciones, un r√©cord nacional. Desbaratamos organizaciones criminales y capacitamos m√°s a nuestros agentes. Mejoramos los controles fronterizos y devolvimos la autoridad del Estado en zonas tomadas por mafias",3017,920,[]
Tue Oct 15 13:51:40 +0000 2019,mauriciomacri,"Esto fue gracias a la colaboraci√≥n entre fuerzas federales y fuerzas provinciales. Logramos reducir la venta de droga, impedir la consolidaci√≥n de mafias y reducir la violencia y delitos. Son barrios m√°s seguros y hay menos chicos que consumen.",867,375,[]
Tue Oct 15 13:51:40 +0000 2019,mauriciomacri,"TERMINAR CON LA DROGA EN LOS BARRIOS. Este a√±o, lanzamos un programa para terminar con la venta de droga en localidades seleccionadas. En estas zonas, neutralizamos un 74% m√°s de b√∫nkeres de venta de droga. Por eso proponemos a llevarlo a todo el pa√≠s. #PropuestasNuevaEtapa",7947,2670,[Hashtag(Text='PropuestasNuevaEtapa')]
Tue Oct 15 01:51:48 +0000 2019,mauriciomacri,Empieza una nueva etapa https://t.co/CpJfCoGXPq,21042,6373,[]
Mon Oct 14 22:46:44 +0000 2019,mauriciomacri,Qu√© emoci√≥n!! Gracias Paran√°!! https://t.co/XnhBIPUV71,21855,5536,[]
Mon Oct 14 21:26:18 +0000 2019,mauriciomacri,En vivo desde Paran√°: La Marcha del #S√≠SePuede https://t.co/eBvQamcr0b,9942,3416,[Hashtag(Text='S√≠SePuede')]
Mon Oct 14 17:28:23 +0000 2019,mauriciomacri,Hoy llega La Marcha a Paran√°! https://t.co/k9oETUN1XZ,8150,2152,[]
Mon Oct 14 13:56:41 +0000 2019,mauriciomacri,"En estos cuatro a√±os, sumamos a 2 millones de hogares a Internet, cuadruplicamos la velocidad y llevamos 4G al 93% de los argentinos. Ahora vamos a sumar a 3 millones de hogares m√°s y seguir trabajando para que todos puedan aprovechar los beneficios de la revoluci√≥n digital.",3839,1101,[]
Mon Oct 14 13:56:41 +0000 2019,mauriciomacri,"3. CIEN MIL BECAS PARA EL PRIMER EMPLEO DIGITAL. Vamos a trabajar con empresas para crear 100.000 becas para estudiar programaci√≥n, marketing digital y big data. Son √°reas con gran salida laboral: cada vez son m√°s demandadas y una oportunidad para el talento de los argentinos",3906,1120,[]
Mon Oct 14 13:56:40 +0000 2019,mauriciomacri,"Nuestra meta ser√° modernizar el 100% de los municipios. Queremos que los argentinos puedan hacer sus tr√°mites por Internet y no tener que viajar largas distancias, faltar al trabajo o dejar de estudiar por el d√≠a. Tenemos que aprovechar esta oportunidad que nos ofrece Internet.",1262,483,[]
Mon Oct 14 13:56:40 +0000 2019,mauriciomacri,"2. M√ÅS HERRAMIENTAS PARA ACCEDER A INTERNET. Vamos a llegar a los 1.000 Puntos Digitales, donde se dar√°n capacitaciones sobre c√≥mo usar Internet, trabajar en oficios digitales y hacer tr√°mites en l√≠nea. Tambi√©n vamos a entregar 400.000 tablets a adultos mayores.",935,378,[]
Mon Oct 14 13:56:39 +0000 2019,mauriciomacri,Tambi√©n vamos a seguir impulsando la conectividad de localidades rurales con cr√©ditos y financiamiento para desarrollar infraestructura de conectividad. Esto es clave para que el campo pueda aprovechar las √∫ltimas innovaciones tecnol√≥gicas.,865,341,[]
Mon Oct 14 13:56:39 +0000 2019,mauriciomacri,Otra medida que vamos a tomar para que Internet llegue a todo el pa√≠s es asegurar que el Internet m√≥vil llegue a 20.000 kil√≥metros m√°s de rutas nacionales y provinciales. Es indispensable para los que viajan y para las empresas regionales que trabajan en log√≠stica y transporte.,961,395,[]
Mon Oct 14 13:56:38 +0000 2019,mauriciomacri,1. EXPANDIR LA RED DE FIBRA √ìPTICA A 500 LOCALIDADES M√ÅS. Vamos a desarrollar 5.000 km nuevos de la red de fibra √≥ptica de ARSAT para llegar a m√°s localidades peque√±as. Vamos a trabajar con las PyME locales para que llegue a los hogares y empresas.,984,406,[]
Mon Oct 14 13:56:35 +0000 2019,mauriciomacri,"LLEVAR INTERNET A TODOS LOS ARGENTINOS. Vamos a extender la red de fibra √≥ptica, multiplicar las capacitaciones en habilidades digitales y lanzar becas en las carreras de futuro. M√°s y mejor Internet significa m√°s oportunidades para todos. #PropuestasNuevaEtapa",11051,3086,[Hashtag(Text='PropuestasNuevaEtapa')]
Mon Oct 14 02:30:54 +0000 2019,mauriciomacri,"Tres a√±os y medio es muy poco tiempo para enderezar d√©cadas de pol√≠ticas err√≥neas. Depende de nosotros. Yo estoy convencido de que podemos, que vale la pena, que este octubre hist√≥rico nos tiene que encontrar dando vuelta la historia para siempre. Los espero a todos. Gracias.",7840,2095,[]
Mon Oct 14 02:30:53 +0000 2019,mauriciomacri,"Hoy hemos modernizado la Argentina, hemos construido infraestructura para el futuro. Hemos mejorado la educaci√≥n. Estamos dando una batalla dura contra el narcotr√°fico. Hemos vuelto al mundo. Si pudimos todo eso, c√≥mo no vamos a poder arreglar la econom√≠a. #MacriPresidente",10564,2887,[Hashtag(Text='MacriPresidente')]
Mon Oct 14 02:27:53 +0000 2019,mauriciomacri,#MacriPresidente https://t.co/uksFV7YzPM,37509,9287,[Hashtag(Text='MacriPresidente')]
Mon Oct 14 02:09:04 +0000 2019,mauriciomacri,"""Con lo cual todo esto depende de nosotros. Sabemos que tenemos problemas, pero volver a traer los problemas del pasado no nos va a ayudar. Tenemos que confiar en nosotros mismos y en lo que hemos podido hacer. Hoy tenemos otra cultura del poder"" #MacriPresidente",8529,2556,[Hashtag(Text='MacriPresidente')]
Mon Oct 14 02:08:50 +0000 2019,mauriciomacri,"""Lamentablemente hemos visto que volvi√≥ el dedito acusador, volvi√≥ el atril, volvi√≥ la canchereada. El kirchnerismo no cambi√≥. Por m√°s que se oculte, trate de mostrarnos algo distinto, es lo mismo."" #MacriPresidente",62087,18208,[Hashtag(Text='MacriPresidente')]
Mon Oct 14 01:53:21 +0000 2019,mauriciomacri,"""Quiero hablar del PAMI. Cuando llegamos era un caos. Mal servicio a los afiliados, problemas con los prestadores y corrupci√≥n. Hoy hay una alta satisfacci√≥n de los afiliados con el servicio, 2 de cada 3 medicamentos son gratuitos y PAMI funciona en forma transparente""",15255,4579,[]
Mon Oct 14 01:49:38 +0000 2019,mauriciomacri,"""El Frente de Todos dice que le interesa la educaci√≥n pero ocultaron todas las mediciones durante sus gobiernos."" #MacriPresidente",10805,3364,[Hashtag(Text='MacriPresidente')]
Mon Oct 14 01:49:14 +0000 2019,mauriciomacri,"""Uno de los 5 presupuestos que m√°s creci√≥ en nuestro gobierno es ciencia y tecnolog√≠a. A la universidad le hemos dado aumento todos los a√±os por arriba de la inflaci√≥n, y el √∫ltimo a√±o dimos el 93% de lo que pidieron, algo que nunca hizo el gobierno anterior."" #MacriPresidente",11311,3591,[Hashtag(Text='MacriPresidente')]
Mon Oct 14 01:44:50 +0000 2019,mauriciomacri,"""Les llevamos Internet a 5 millones de alumnos y adem√°s pusimos Rob√≥tica y Programaci√≥n desde jard√≠n de infantes. Somos uno de los pa√≠ses en el mundo reconocido por UNESCO por haber hecho esto. Estamos dando las herramientas a los chicos para acceder a los trabajos del futuro""",4344,1331,[]
Mon Oct 14 01:44:50 +0000 2019,mauriciomacri,"""Emprendimos una revoluci√≥n en la educaci√≥n desde el primer d√≠a de gobierno. Para ello, ten√≠amos que saber cu√°l era el punto de partida. Por eso lanzamos las pruebas Aprender, al principio resistidas pero hoy muy apoyadas."" #MacriPresidente",5889,1759,[Hashtag(Text='MacriPresidente')]
Mon Oct 14 01:31:14 +0000 2019,mauriciomacri,"""La libertad es un valor que no se puede negociar. Espero que los argentinos entendamos lo que hemos conquistado y la cuidemos especialmente en esta elecci√≥n."" #MacriPresidente",8697,2986,[Hashtag(Text='MacriPresidente')]
Mon Oct 14 01:30:46 +0000 2019,mauriciomacri,"""Tenemos que apoyar a las Fuerzas de Seguridad en su tarea contra el crimen. He estado muy cerca de las v√≠ctimas de delitos y no puedo creer el nivel de abandono que tuvieron de parte del Estado en el pasado. Por suerte lo revertimos y ahora las cosas son muy distintas.""",7748,2451,[]
Mon Oct 14 01:30:05 +0000 2019,mauriciomacri,"""En el gobierno anterior, las v√≠ctimas de delito no ten√≠an derecho. Ninguno. Nosotros tenemos claro que nuestra prioridad son las v√≠ctimas de delito y los ciudadanos, y estamos contra los delincuentes."" #MacriPresidente",7303,2457,[Hashtag(Text='MacriPresidente')]
Mon Oct 14 01:26:35 +0000 2019,mauriciomacri,"""Aunque parezca incre√≠ble, en 2015 la Argentina y Cuba eran los √∫nicos dos pa√≠ses en el continente sin un plan de igualdad. No nos quedamos solamente en las declaraciones. Nosotros lanzamos un plan nacional de igualdad"" #MacriPresidente",3466,1182,[Hashtag(Text='MacriPresidente')]
Mon Oct 14 01:26:35 +0000 2019,mauriciomacri,"""Tenemos que reconocer que hist√≥ricamente hay grupos que han sido relegados, que las cosas les han costado m√°s. Es inaceptable que en siglo XXI haya desigualdades entre los varones y las mujeres. Estamos trabajando en eso desde el primer d√≠a y seguiremos trabajando.""",4999,1438,[]
Mon Oct 14 01:17:18 +0000 2019,mauriciomacri,"Siempre he cuidado la libertad y la seguir√© cuidando porque creo en la libertad. No concibo una sociedad sin pluralidad de ideas ni de formas de vida, aunque sean distintas a las que uno cree. Siempre he gobernado para todos y siempre defender√© los derechos de todos.",15255,4515,[]
Mon Oct 14 01:05:49 +0000 2019,mauriciomacri,"""Me alegra y sorprende que el Frente de Todos hable de corrupci√≥n. Tambi√©n que Alberto Fern√°ndez diga que yo destru√≠ la econom√≠a cuando hasta hace muy poco dec√≠a que la presidenta Kirchner la destruy√≥. Digamos la verdad. Lo mejor que podemos hacer es decir la verdad a la gente""",60623,17797,[]
Mon Oct 14 01:05:11 +0000 2019,mauriciomacri,"""Nuevamente escucho hablar del endeudamiento. Quiero que quede claro porque es importante. 2 de cada 3 pesos que tomamos de deuda fue para pagar deudas del gobierno anterior. El peso restante ha sido para pagar el d√©ficit fiscal que hemos reducido"" #MacriPresidente",11605,4610,[Hashtag(Text='MacriPresidente')]
Mon Oct 14 01:04:25 +0000 2019,mauriciomacri,"""Con esta bases y consenso estamos listos para entrar en una nueva etapa de crecimiento y alivio para la clase media"" #MacriPresidente",3127,1087,[Hashtag(Text='MacriPresidente')]
Mon Oct 14 01:04:24 +0000 2019,mauriciomacri,"""Tenemos energ√≠a que antes no ten√≠amos. Achicamos el d√©ficit fiscal al 20%. Exportamos m√°s de lo que importamos y comenzamos a bajar los impuestos. Me asusta escuchar cuando algunos dicen que hay que volver a aumentar"" #MacriPresidente",3986,1462,[Hashtag(Text='MacriPresidente')]
Mon Oct 14 01:04:23 +0000 2019,mauriciomacri,"""Quiero decir que s√© que el √∫ltimo a√±o y medio la carga ha sido muy grande y que ha ca√≠do mayoritariamente sobre la clase media. El fin de mes ha sido angustiaste. Pero quiero decirles que el esfuerzo no fue en vano. Estamos en un punto de partida para empezar a crecer.""",6269,1806,[]
Mon Oct 14 01:02:32 +0000 2019,mauriciomacri,"""Hace 80 a√±os estamos con una inflaci√≥n promedio superior al 60%. De los √∫ltimos 100 a√±os, 77 hemos tenido d√©ficit en el Estado. La pobreza promedio de los √∫ltimos 30 a√±os ha sido del 36%. No podemos seguir as√≠, tenemos que cambiar, tenemos que ser cre√≠bles""",11170,3559,[]
Mon Oct 14 00:35:39 +0000 2019,mauriciomacri,Hemos dado una batalla dur√≠sima con r√©cord de incautaci√≥n de droga y detenciones de narcotraficantes. Nosotros tenemos claro que defender la familia argentina es enfrentar al narcotr√°fico. Nos preocupan algunas definiciones que hemos encontrado en la oposici√≥n. #MacriPresidente,5345,1973,[Hashtag(Text='MacriPresidente')]
Mon Oct 14 00:35:38 +0000 2019,mauriciomacri,"Cuando llegamos, hab√≠an roto las relaciones internacionales necesarias para combatir el narcotr√°fico. ¬øPor qu√©? ¬øQu√© quer√≠amos, que el narcotr√°fico avanzase en nuestro pa√≠s?",8857,2769,[]
Mon Oct 14 00:32:59 +0000 2019,mauriciomacri,En esto no puede haber dobles discursos. O se est√° con la dictadura o se est√° con la democracia. La neutralidad es avalar la dictadura.¬†#MacriPresidente,10430,3807,[Hashtag(Text='MacriPresidente')]
Mon Oct 14 00:32:58 +0000 2019,mauriciomacri,"La ex presidenta Cristina Fern√°ndez de Kirchner condecor√≥ con la Orden de San Mart√≠n al dictador Maduro, nosotros hemos reconocido al presidente Guaid√≥ y hemos denunciado la violaci√≥n de los derechos humanos en Venezuela",39484,12195,[]
Mon Oct 14 00:26:25 +0000 2019,mauriciomacri,"En 2015 cambiamos y restablecimos las relaciones con much√≠simos pa√≠ses, independientemente de su ideolog√≠a, y personalmente me dediqu√© a trabar una relaci√≥n de confianza con los l√≠deres del mundo, que nos permiti√≥ presidir el G20. #MacriPresidente",5055,1759,[Hashtag(Text='MacriPresidente')]
Mon Oct 14 00:26:24 +0000 2019,mauriciomacri,Cuando llegamos la Argentina era uno de los pa√≠ses m√°s aislados del mundo. Ten√≠a pocas relaciones y su socio estrat√©gico era Venezuela.,11530,3337,[]
Mon Oct 14 00:11:35 +0000 2019,mauriciomacri,"Gracias al esfuerzo de los argentinos en estos a√±os resolvimos problemas que arrastr√°bamos hace d√©cadas, pero tambi√©n sabemos que existen otros problemas igual de importantes que a√∫n no resolvimos. Hoy estoy ac√° para pedirles que sigamos trabajando juntos. #MacriPresidente",24273,6438,[Hashtag(Text='MacriPresidente')]
Sun Oct 13 23:10:28 +0000 2019,mauriciomacri,El 19 en el Obelisco. S√≠ se puede! https://t.co/h338WocBjI,18678,5991,[]
Sun Oct 13 20:22:34 +0000 2019,mauriciomacri,Esta noche a las 9 es el debate presidencial. Acompa√±ame con el hashtag #MacriPresidente https://t.co/aWQOb4JjX5,11853,4007,[Hashtag(Text='MacriPresidente')]
Sun Oct 13 00:12:10 +0000 2019,mauriciomacri,El pr√≥ximo s√°bado 19 La Marcha del #S√≠SePuede vuelve a Buenos Aires. Todos los que creemos en el cambio vamos a encontrarnos en el Obelisco para expresarnos en paz. Te espero. Invit√° a tu familia y amigos. https://t.co/DiDSkMCqyH,12594,4883,[Hashtag(Text='S√≠SePuede')]
Sat Oct 12 17:44:07 +0000 2019,mauriciomacri,"En estos 4 a√±os, bajamos los impuestos e impulsamos las econom√≠as regionales. Alcanzamos grandes resultados: en la √∫ltima campa√±a la cosecha alcanz√≥ las 147 millones de toneladas, un r√©cord hist√≥rico. Tenemos que seguir generando las condiciones para que el campo siga avanzando.",3024,1069,[]
Sat Oct 12 17:44:06 +0000 2019,mauriciomacri,"3. ELIMINAREMOS LAS RETENCIONES AL CAMPO. Desde enero de 2021, ninguna exportaci√≥n del campo pagar√° retenciones. La √∫nica excepci√≥n ser√° la soja, cuyas retenciones seguir√°n bajando progresivamente.",3539,1259,[]
Sat Oct 12 17:44:05 +0000 2019,mauriciomacri,"2. POLO AGROTECNOL√ìGICO EN CASTELAR. Vamos a crear un centro de innovaci√≥n que re√∫na a los t√©cnicos del INTA y a las startups orientadas al desarrollo del agro, que se dedican a temas como la edici√≥n g√©nica y la agricultura satelital. No podemos desaprovechar su potencial.",1182,535,[]
Sat Oct 12 17:44:04 +0000 2019,mauriciomacri,"La nueva ley nos va a abrir mercados nuevos para exportar m√°s productos agroindustriales, incentivar a los cient√≠ficos a seguir innovando en el desarrollo de semillas y modernizar todo el campo argentino. Es un punto de partida clave para mirar hacia el futuro del agro.",996,474,[]
Sat Oct 12 17:44:04 +0000 2019,mauriciomacri,"1. LEY DE SEMILLAS ACTUALIZADA. La Ley de Semillas, que determina c√≥mo nuestros productores acceden a las semillas que usan para producir, es de 1973. Vamos a actualizarla para adaptarla a los desaf√≠os de hoy y para acompa√±ar los avances tecnol√≥gicos en el agro.",1171,552,[]
Sat Oct 12 17:44:03 +0000 2019,mauriciomacri,"M√ÅS TECNOLOG√çA, M√ÅS INNOVACI√ìN Y MENOS IMPUESTOS PARA EL CAMPO. El campo es el 40% de nuestra econom√≠a y genera un tercio del trabajo de los argentinos. Queremos potenciarlo para que cree m√°s empleo y oportunidades #PropuestasNuevaEtapa",7805,2777,[Hashtag(Text='PropuestasNuevaEtapa')]
Sat Oct 12 16:03:40 +0000 2019,mauriciomacri,https://t.co/97hDcsJOc2,9588,3660,[]
Sat Oct 12 13:09:34 +0000 2019,mauriciomacri,Triste por la noticia de la muerte del Pechi Quiroga. Estuvimos hace unos d√≠as juntos all√° en Neuqu√©n. Fue un gran dirigente pol√≠tico. Se lo va a extra√±ar. Mis condolencias a su familia y amigos en estos momentos tan dif√≠ciles.,10468,2297,[]
Sat Oct 12 01:27:24 +0000 2019,mauriciomacri,Todas las fechas y ciudades de La Marcha del #S√≠SePuede https://t.co/ELUgqmrxH2,11779,5146,[Hashtag(Text='S√≠SePuede')]
Fri Oct 11 22:01:55 +0000 2019,mauriciomacri,Ma√±ana llega La Marcha a Olavarr√≠a. Nos vamos a encontrar en el Paseo Jes√∫s Mend√≠a a las 12:00. Avisale a tu familia y a tus amigos! Nos vemos ah√≠ https://t.co/x0OBDwmwKf,5657,2401,[]
Fri Oct 11 15:30:33 +0000 2019,mauriciomacri,En estos a√±os impulsamos reformas como la ley de financiamiento electoral y el debate presidencial obligatorio. Tambi√©n mejoramos el voto para argentinos en el exterior y eliminamos las listas colectoras. Estas dos propuestas buscan que nuestra democracia siga fortaleci√©ndose.,2655,859,[]
Fri Oct 11 15:30:32 +0000 2019,mauriciomacri,"2. ORGANIZACI√ìN INDEPENDIENTE DE LAS ELECCIONES. En lo pa√≠ses con mayor institucionalidad, el Poder Ejecutivo no administra las elecciones, sino el Poder Judicial o un organismo aut√≥nomo. Esto garantiza que no beneficien a ning√∫n partido. Tenemos que aplicar esto en nuestro pa√≠s.",2731,860,[]
Fri Oct 11 15:30:32 +0000 2019,mauriciomacri,"En la boleta √∫nica, los ciudadanos pueden ver todas las opciones en las mismas condiciones. Simplifica el recuento y asegura las mismas oportunidades para todas las listas. Puede ser en papel o electr√≥nica, lo mejor es que lo decida el Congreso.",1235,488,[]
Fri Oct 11 15:30:31 +0000 2019,mauriciomacri,"1. BOLETA √öNICA. Hoy los fiscales tienen que constatar que las boletas no hayan sido robadas o adulteradas. Adem√°s, el recuento de los votos es un proceso engorroso y complicado. Hay que ir hacia una boleta √∫nica, que es m√°s simple y garantiza las mismas condiciones para todos.",1487,671,[]
Fri Oct 11 15:30:30 +0000 2019,mauriciomacri,BOLETA √öNICA Y ORGANIZACI√ìN INDEPENDIENTE DE LAS ELECCIONES. Queremos sumar transparencia y fortalecer la confianza en las elecciones. Proponemos instaurar la boleta √∫nica y que la instituci√≥n que organiza las elecciones sea aut√≥noma del Ejecutivo #PropuestasNuevaEtapa,9318,3381,[Hashtag(Text='PropuestasNuevaEtapa')]
Fri Oct 11 14:49:36 +0000 2019,mauriciomacri,En vivo: 150¬∞ aniversario del Colegio Militar https://t.co/6IRBdeJr4V,2261,571,[]
